{
    "1": {
        "train_loss": 0.8752661080642797,
        "test_loss": 0.6435842323089074,
        "precision_score": [
            0.853904282115869,
            0.6389863547758284,
            0.8212624584717608,
            0.8516819571865444,
            0.8049921996879875,
            0.7261261261261261,
            0.7027027027027027
        ],
        "precision_score_macro": 0.7713794401524027,
        "precision_score_micro": 0.7825842169466078,
        "accuracy_score": 0.7825842169466078,
        "recall_score": [
            0.8853276353276354,
            0.8405128205128205,
            0.8099606815203145,
            0.4561834561834562,
            0.8417618270799347,
            0.6639209225700164,
            0.49242424242424243
        ],
        "recall_score_macro": 0.7128702265169171,
        "recall_score_micro": 0.7825842169466078
    },
    "2": {
        "train_loss": 0.5777266061288128,
        "test_loss": 0.5722405960459909,
        "precision_score": [
            0.8791725434884814,
            0.7251624883936861,
            0.7977190876350541,
            0.7614583333333333,
            0.8603066439522998,
            0.6990881458966566,
            0.7645502645502645
        ],
        "precision_score_macro": 0.7839225010356822,
        "precision_score_micro": 0.8084826874354885,
        "accuracy_score": 0.8084826874354885,
        "recall_score": [
            0.8879392212725546,
            0.801025641025641,
            0.8709043250327654,
            0.5986895986895987,
            0.8238172920065253,
            0.7578253706754531,
            0.5473484848484849
        ],
        "recall_score_macro": 0.7553642762215748,
        "recall_score_micro": 0.8084826874354885
    },
    "3": {
        "train_loss": 0.47908922471385307,
        "test_loss": 0.5831720022384278,
        "precision_score": [
            0.8704902867715079,
            0.7560240963855421,
            0.8297872340425532,
            0.6991228070175438,
            0.8298887122416534,
            0.7234726688102894,
            0.731829573934837
        ],
        "precision_score_macro": 0.7772307684577038,
        "precision_score_micro": 0.8086703575114947,
        "accuracy_score": 0.8086703575114947,
        "recall_score": [
            0.8936372269705603,
            0.7723076923076924,
            0.8433813892529489,
            0.6527436527436528,
            0.8515497553017944,
            0.7413509060955519,
            0.553030303030303
        ],
        "recall_score_macro": 0.7582858465289292,
        "recall_score_micro": 0.8086703575114947
    },
    "4": {
        "train_loss": 0.39702118877349407,
        "test_loss": 0.6309683579884603,
        "precision_score": [
            0.9113956466069142,
            0.7437161163134549,
            0.737775389575497,
            0.7492163009404389,
            0.856175972927242,
            0.6411682892906815,
            0.6067226890756302
        ],
        "precision_score_macro": 0.7494529149614084,
        "precision_score_micro": 0.7962841324950737,
        "accuracy_score": 0.7962841324950737,
        "recall_score": [
            0.8449667616334283,
            0.7738461538461539,
            0.8997378768020969,
            0.5872235872235873,
            0.8254486133768353,
            0.7594728171334432,
            0.6837121212121212
        ],
        "recall_score_macro": 0.7677725616039522,
        "recall_score_micro": 0.7962841324950737
    },
    "5": {
        "train_loss": 0.3216060731878345,
        "test_loss": 0.6398435168994401,
        "precision_score": [
            0.8848731450454763,
            0.7372510927634774,
            0.8073846153846154,
            0.7278719397363466,
            0.8610634648370498,
            0.6700581395348837,
            0.6774891774891775
        ],
        "precision_score_macro": 0.7665702249701468,
        "precision_score_micro": 0.8047292859153607,
        "accuracy_score": 0.8047292859153607,
        "recall_score": [
            0.877730294396961,
            0.7784615384615384,
            0.8597640891218873,
            0.633087633087633,
            0.8189233278955954,
            0.7594728171334432,
            0.5928030303030303
        ],
        "recall_score_macro": 0.7600346757714412,
        "recall_score_micro": 0.8047292859153607
    }
}